,,,Premature death,,,,,Poor or fair health,,,,Poor physical health days,,,,Poor mental health days,,,,Low birthweight,,,,,,,Adult smoking,,,,Adult obesity,,,,Food environment index,,Physical inactivity,,,,Access to exercise opportunities,,Excessive drinking,,,,Alcohol-impaired driving deaths,,,,,,Sexually transmitted infections,,,Teen births,,,,,,Uninsured,,,,,Primary care physicians,,,,Dentists,,,,Mental health providers^,,,Previous Mental health providers data -- used to calculate rankings^,,,,Preventable hospital stays,,,,,Diabetic monitoring,,,,,Mammography screening,,,,,High school graduation,,,Some college,,,,,,Unemployment,,,,Children in poverty,,,,,Income inequality,,,,Children in single-parent households,,,,,,Social associations,,,Violent crime,,,Injury deaths,,,,,Air pollution - particulate matter,,Drinking water violations,,Severe housing problems,,,,,Driving alone to work,,,,,,Long commute - driving alone,,,,,
FIPS,State,County,# Deaths,Years of Potential Life Lost Rate,95% CI - Low,95% CI - High,Z-Score,% Fair/Poor,95% CI - Low,95% CI - High,Z-Score,Physically Unhealthy Days,95% CI - Low,95% CI - High,Z-Score,Mentally Unhealthy Days,95% CI - Low,95% CI - High,Z-Score,Unreliable,# Low Birthweight Births,# Live Births,% LBW,95% CI - Low,95% CI - High,Z-Score,% Smokers,95% CI - Low,95% CI - High,Z-Score,% Obese,95% CI - Low,95% CI - High,Z-Score,Food Environment Index,Z-Score,% Physically Inactive,95% CI - Low,95% CI - High,Z-Score,% With Access,Z-Score,% Excessive Drinking,95% CI - Low,95% CI - High,Z-Score,# Alcohol-Impaired Driving Deaths,# Driving Deaths,% Alcohol-Impaired,95% CI - Low,95% CI - High,Z-Score,# Chlamydia Cases,Chlamydia Rate,Z-Score,Teen Births,Teen Population,Teen Birth Rate,95% CI - Low,95% CI - High,Z-Score,# Uninsured,% Uninsured,95% CI - Low,95% CI - High,Z-Score,# Primary Care Physicians,PCP Rate,PCP Ratio,Z-Score,# Dentists,Dentist Rate,Dentist Ratio,Z-Score,# Mental Health Providers,MHP Rate,MHP Ratio,# Mental Health Providers,MHP Rate,MHP Ratio,Z-Score,# Medicare Enrollees,Preventable Hosp. Rate,95% CI - Low,95% CI - High,Z-Score,# Diabetics,% Receiving HbA1c,95% CI - Low,95% CI - High,Z-Score,# Medicare Enrollees,% Mammography,95% CI - Low,95% CI - High,Z-Score,Cohort Size,Graduation Rate,Z-Score,# Some College,Population,% Some College,95% CI - Low,95% CI - High,Z-Score,# Unemployed,Labor Force,% Unemployed,Z-Score,# Children in Poverty,% Children in Poverty,95% CI - Low,95% CI - High,Z-Score,80th Percentile Income,20th Percentile Income,Income Ratio,Z-Score,# Single-Parent Households,# Households,% Single-Parent Households,95% CI - Low,95% CI - High,Z-Score,# Associations,Association Rate,Z-Score,# Violent Crimes,Violent Crime Rate,Z-Score,# Injury Deaths,Injury Death Rate,95% CI - Low,95% CI - High,Z-Score,Average Daily PM2.5,Z-Score,Presence of violation,Z-Score,# Households with Severe Problems,% Severe Housing Problems,95% CI - Low,95% CI - High,Z-Score,# Drive Alone,# Workers,% Drive Alone,95% CI - Low,95% CI - High,Z-Score,# Workers who Drive Alone,% Long Commute - Drives Alone,95% CI - Low,95% CI - High,Z-Score,
06000,California,,312690,5275,5249,5300,,18,17,19,,4.0,3.8,4.2,,3.6,3.4,3.8,,,248282,3655228,7,7,7,,13,12,14,,23,,,,7.7,,17,,,,94,,17,16,18,,4375,14576,30,30,30,,167346,440,,299825,9399089,32,32,32,,6382717,19,19,20,,30081,78,1274:1,,30705,79,1264:1,,105233,271,369:1,108936,281,356:1,,2535193,41,40,41,,254539,81,81,81,,198925,59.0,59.0,60.0,,505762,85,,6648171,10688884,62.2,62.0,62.4,,1414275,18811392,7.5,,2040811,23,22,23,,126489,24495,5.2,,2930678,9129544,32,32,32,,22063,5.8,,160007,425,,86132,46,45,46,,9.3,,,,3554385,29,28,29,,12107899,16529777,73,73,73,,12107899,38,37,38,,
06001,California,Alameda,12315,4886,4766,5005,-0.85,13,13,13,-0.83,3.4,3.3,3.5,-1.03,3.3,3.2,3.4,-1.36,,10132,139884,7,7,7,1.27,11,10,11,-1.52,20,18,22,-1.15,7.6,-0.51,15,13,16,-0.85,100,-1.16,16,16,17,-1.38,105,356,29,27,32,-0.12,6479,417,0.60,7330,335637,22,21,22,-0.83,197119,14,14,15,-1.21,1675,106,943:1,-1.17,1433,89,1124:1,-0.73,7812,485,206:1,7937,493,203:1,-1.47,88986,38,37,39,-0.27,8415,81,79,83,0.14,6859,61.0,59.0,63.0,-0.05,50278,81,1.54,338922,472884,71.7,,,-1.21,47683,811346,5.9,-0.92,48750,14,13,16,-1.09,150027,27647,5.4,1.13,97799,338969,29,28,30,-0.51,1031,6.5,0.18,11051,723,2.18,3193,42,40,43,-1.00,8.5,-0.29,No,-2.03,135305,25,25,26,0.11,451989,701525,64,64,65,-1.29,451989,42,41,42,1.05,
06003,California,Alpine,,,,,,16,15,16,,4.2,4.1,4.2,,4.1,4.0,4.2,,,,,,,,,16,15,16,,24,18,31,,6.1,,18,13,24,,97,,18,18,18,,1,6,17,1,43,,,,,11,227,48,,,,166,18,15,20,,0,0,1159:0,,0,0,1116:0,,7,627,159:1,7,627,159:1,,,,,,,17,76,35,100,,,,,,,,,,191,270,70.7,60.8,80.7,,43,491,8.8,,62,28,20,36,,117650,22733,5.2,,68,235,29,16,42,,1,8.6,,8,719,,,,,,,10.3,,No,,55,14,7,22,,270,484,56,40,72,,270,54,22,86,,
06005,California,Amador,516,5776,4845,6706,-0.33,13,12,13,-0.90,3.5,3.3,3.6,-0.81,3.5,3.4,3.6,-0.77,,124,1964,6,5,7,-0.01,13,12,13,-0.40,27,21,33,0.69,7.4,-0.29,17,13,23,0.07,69,0.83,19,18,19,0.43,7,37,19,11,28,-1.46,74,200,-0.88,148,6725,22,19,26,-0.81,3966,16,14,18,-0.71,24,66,1522:1,0.18,30,82,1225:1,-0.42,58,158,633:1,60,163,612:1,0.83,6644,36,31,41,-0.43,607,84,77,92,-0.93,604,69.0,62.0,75.0,-1.49,340,86,0.35,4104,7537,54.5,48.5,60.4,0.47,1207,14459,8.3,-0.16,1032,19,14,24,-0.50,102310,22476,4.6,-0.42,1755,5615,31,22,40,-0.09,33,9.0,-0.86,113,294,-0.69,176,94,80,108,1.04,9.4,0.57,Yes,0.48,3105,22,19,25,-0.79,9216,11869,78,75,80,0.61,9216,40,35,45,0.92,
06007,California,Butte,2750,7437,7019,7855,0.64,15,15,16,-0.26,4.2,4.0,4.4,0.74,4.2,4.1,4.4,1.28,,996,17141,6,6,6,-0.71,15,14,16,0.96,25,21,29,0.30,6.4,0.79,18,15,21,0.26,81,0.02,20,19,21,1.34,48,133,36,32,40,0.72,929,419,0.62,1508,60455,25,24,26,-0.59,31203,17,16,19,-0.40,145,65,1532:1,0.20,153,68,1466:1,0.15,1020,455,220:1,1033,461,217:1,-1.24,34269,46,44,49,0.47,3659,77,74,79,1.29,2927,60.0,57.0,63.0,0.13,2448,87,0.04,33200,49566,67.0,64.2,69.8,-0.75,8820,101924,8.7,-0.07,10825,24,20,29,0.27,90586,17709,5.1,0.58,16040,44880,36,33,39,0.68,168,7.6,-0.25,674,304,-0.63,1002,91,85,96,0.92,8.9,0.14,Yes,0.48,20180,24,23,25,-0.27,63163,85197,74,73,75,0.10,63163,22,20,23,-0.91,
06009,California,Calaveras,651,7537,6445,8628,0.70,12,11,12,-1.14,3.3,3.2,3.5,-1.25,3.5,3.4,3.7,-0.77,,119,2465,5,4,6,-2.06,12,11,12,-0.96,25,20,31,0.33,7.6,-0.51,17,13,23,0.18,62,1.27,18,18,19,0.05,15,45,33,26,41,0.37,72,161,-1.15,195,9437,21,18,24,-0.92,5405,16,15,18,-0.67,22,49,2023:1,0.73,22,49,2028:1,0.96,57,128,783:1,57,128,783:1,1.08,8360,35,31,40,-0.48,780,81,74,87,0.08,735,68.0,62.0,74.0,-1.31,472,93,-1.40,4775,7824,61.0,54.6,67.4,-0.17,1641,20307,8.1,-0.24,1577,21,15,26,-0.23,106834,22824,4.7,-0.19,2495,8224,30,24,37,-0.25,38,8.5,-0.66,105,229,-1.13,215,95,83,108,1.10,9.5,0.70,Yes,0.48,3915,21,18,24,-1.00,12784,16536,77,74,81,0.56,12784,52,46,58,2.12,
06011,California,Colusa,201,6255,5072,7437,-0.05,21,20,22,1.20,4.3,4.2,4.5,0.97,4.0,3.9,4.1,0.70,,144,2381,6,5,7,-0.38,14,14,15,0.56,24,18,31,-0.12,7.6,-0.51,16,11,23,-0.24,57,1.59,18,17,18,-0.33,5,36,14,6,23,-2.09,23,107,-1.51,240,5499,44,38,49,0.87,4467,24,22,26,1.74,7,33,3051:1,1.28,7,33,3060:1,1.67,36,168,595:1,36,168,595:1,0.80,2345,54,45,64,1.16,322,86,76,96,-1.40,198,60.0,49.0,71.0,0.13,348,83,1.18,2313,5387,42.9,37.1,48.8,1.60,1947,11152,17.5,2.63,1176,20,15,25,-0.33,93880,24839,3.8,-1.79,1959,6056,32,25,40,0.09,18,8.4,-0.61,47,216,-1.22,67,63,49,80,-0.18,7.6,-1.12,No,-2.03,1300,19,15,23,-1.59,6424,8468,76,72,80,0.35,6424,28,23,33,-0.28,
06013,California,Contra Costa,8697,4880,4730,5031,-0.85,14,14,14,-0.62,3.6,3.4,3.6,-0.59,3.5,3.4,3.6,-0.77,,5924,87922,7,7,7,0.57,11,11,11,-1.30,23,21,26,-0.34,8.0,-0.94,17,15,19,-0.12,96,-0.91,17,17,18,-0.55,69,241,29,25,32,-0.23,4443,412,0.56,4888,248370,20,19,20,-1.00,130734,14,13,15,-1.34,1057,97,1035:1,-0.85,900,81,1235:1,-0.39,3242,292,343:1,3333,300,333:1,-0.12,70039,37,36,39,-0.33,5792,78,76,81,0.80,5405,64.0,61.0,66.0,-0.59,12513,86,0.24,194977,282969,68.9,,,-0.94,33509,544022,6.2,-0.83,35640,14,12,16,-1.15,158070,33012,4.8,0.00,67553,258206,26,25,27,-0.97,590,5.4,0.65,4212,397,-0.01,2492,47,45,49,-0.80,8.3,-0.45,No,-2.03,87275,23,23,24,-0.36,335616,485218,69,69,70,-0.61,335616,47,46,48,1.60,
06015,California,Del Norte,418,8719,7496,9941,1.39,17,17,18,0.26,4.3,4.2,4.5,0.97,4.0,3.9,4.2,0.70,,114,2330,5,4,6,-1.97,16,16,17,1.58,27,21,34,0.86,5.9,1.33,18,13,24,0.45,67,0.97,19,19,20,0.73,10,46,22,14,30,-1.10,18,64,-1.81,317,5935,53,48,59,1.62,3434,17,15,18,-0.53,21,75,1327:1,-0.14,21,77,1296:1,-0.23,101,371,269:1,101,371,269:1,-0.62,3598,59,50,67,1.56,462,86,78,95,-1.44,311,54.0,46.0,62.0,1.20,246,89,-0.42,3149,6989,45.1,38.9,51.2,1.39,1022,10041,10.2,0.40,1743,31,23,39,1.18,82690,14186,5.8,1.84,2713,5852,46,36,57,2.52,18,6.5,0.21,142,493,0.63,150,106,89,123,1.50,8.0,-0.75,No,-2.03,2365,24,20,29,-0.09,6246,8207,76,73,79,0.39,6246,9,6,12,-2.14,
06017,California,El Dorado,1798,5111,4721,5501,-0.72,12,11,12,-1.19,3.4,3.3,3.5,-1.03,3.4,3.3,3.6,-1.07,,735,11718,6,6,7,-0.07,12,11,12,-0.96,19,16,23,-1.32,7.6,-0.51,15,12,18,-0.93,94,-0.76,21,20,21,1.86,51,106,48,44,52,2.24,307,170,-1.09,655,41843,16,15,17,-1.31,19825,13,12,14,-1.55,133,73,1366:1,-0.07,140,76,1308:1,-0.20,464,253,395:1,476,260,385:1,0.16,19734,33,30,35,-0.72,1556,81,77,86,-0.10,1633,67.0,63.0,71.0,-1.13,2149,92,-1.16,27032,38276,70.6,67.3,74.0,-1.11,6212,88797,7.0,-0.57,4956,13,10,16,-1.25,137016,28644,4.8,-0.01,8082,39015,21,18,23,-1.92,105,5.8,0.49,440,241,-1.05,627,69,64,75,0.08,9.5,0.66,No,-2.03,14210,21,19,23,-1.02,59415,77573,77,75,78,0.46,59415,39,37,42,0.85,
06019,California,Fresno,8749,6903,6718,7087,0.33,22,21,22,1.46,4.3,4.2,4.4,0.97,4.2,4.1,4.3,1.28,,8713,114441,8,8,8,1.78,13,13,14,0.06,29,26,32,1.30,6.9,0.25,19,17,22,0.80,79,0.19,17,16,17,-0.93,162,574,28,26,30,-0.28,6390,674,2.35,13628,266927,51,50,52,1.44,170295,20,19,21,0.56,631,66,1514:1,0.17,544,56,1776:1,0.66,2439,252,396:1,2521,261,383:1,0.15,62750,48,46,49,0.59,8247,83,81,85,-0.51,5196,60.0,58.0,62.0,0.13,12922,83,1.01,130096,253363,51.3,50.2,52.5,0.77,51217,441022,11.6,0.84,104770,38,35,41,2.13,94471,18466,5.1,0.58,111970,275455,41,39,42,1.53,507,5.3,0.69,5068,543,0.97,2508,53,51,56,-0.54,9.6,0.74,Yes,0.48,83765,29,28,30,1.22,271552,352667,77,77,77,0.52,271552,22,21,23,-0.87,
06021,California,Glenn,313,7234,6084,8383,0.52,20,19,20,0.86,4.3,4.2,4.5,0.97,4.1,4.0,4.3,0.99,,171,2922,6,5,7,-0.65,15,14,15,0.79,28,22,35,1.16,7.2,-0.07,17,12,23,-0.09,63,1.23,18,17,18,-0.40,2,34,6,1,15,-3.11,70,250,-0.54,331,7262,46,41,51,1.02,5307,22,20,25,1.22,5,18,5588:1,1.78,22,79,1271:1,-0.30,32,114,874:1,32,114,874:1,1.17,4074,51,44,58,0.89,510,77,69,84,1.25,292,56.0,47.0,64.0,0.84,379,89,-0.34,3176,6585,48.2,41.0,55.4,1.08,1375,12908,10.7,0.54,1751,24,17,30,0.19,90056,16756,5.4,1.03,2518,7642,33,25,41,0.20,28,10.0,-1.27,72,254,-0.96,96,68,55,84,0.05,8.0,-0.73,Yes,0.48,2015,21,18,25,-0.98,7591,10106,75,71,79,0.24,7591,27,22,32,-0.37,
06023,California,Humboldt,1868,8434,7875,8993,1.23,15,14,15,-0.39,4.1,3.9,4.3,0.52,4.1,3.9,4.2,0.99,,589,10772,5,5,6,-1.18,15,15,16,1.07,25,20,29,0.10,6.3,0.90,14,11,17,-1.08,84,-0.15,20,19,21,1.26,47,133,35,31,40,0.62,388,288,-0.28,824,33297,25,23,26,-0.60,23337,21,19,23,0.72,96,71,1401:1,-0.01,107,79,1260:1,-0.33,470,349,287:1,479,355,281:1,-0.51,17955,33,31,36,-0.68,1719,85,81,90,-1.21,1655,65.0,61.0,69.0,-0.77,1283,88,-0.08,22919,34886,65.7,62.4,69.0,-0.63,4256,62751,6.8,-0.64,6137,24,19,29,0.22,83287,17441,4.8,-0.03,10689,25812,41,37,45,1.66,126,9.4,-1.00,453,334,-0.43,695,103,96,111,1.42,8.2,-0.54,Yes,0.48,13865,26,25,27,0.36,42029,57204,73,72,75,0.01,42029,16,14,17,-1.51,
06025,California,Imperial,1381,5245,4890,5599,-0.64,28,27,29,3.01,4.8,4.6,5.0,2.08,4.2,4.0,4.3,1.28,,1272,21835,6,6,6,-0.69,14,14,15,0.62,25,20,31,0.24,6.5,0.68,22,16,28,1.83,69,0.85,17,16,17,-1.23,32,152,21,17,25,-1.19,591,334,0.03,2812,49722,57,55,59,1.87,31736,21,20,23,0.91,40,23,4415:1,1.62,57,32,3142:1,1.71,184,103,973:1,193,108,928:1,1.22,17213,48,45,51,0.63,2827,85,81,88,-1.03,1354,46.0,42.0,49.0,2.64,2585,85,0.62,24180,46571,51.9,49.2,54.6,0.72,18957,80266,23.6,4.51,15870,31,25,38,1.22,89794,16169,5.6,1.35,17410,50523,34,31,38,0.46,84,4.8,0.92,521,304,-0.63,379,43,39,48,-0.94,9.4,0.60,Yes,0.48,13440,28,26,30,0.91,44835,56288,80,78,82,0.90,44835,21,19,24,-0.92,
06027,California,Inyo,227,5560,4420,6700,-0.46,14,14,15,-0.54,3.7,3.6,3.9,-0.37,3.8,3.7,3.9,0.11,,129,1535,8,7,10,2.87,13,13,14,-0.17,23,17,29,-0.34,6.8,0.36,16,12,22,-0.32,77,0.28,18,18,19,0.05,11,27,41,31,50,1.31,79,427,0.67,147,3951,37,31,43,0.37,2637,18,16,20,-0.07,20,108,923:1,-1.24,14,76,1315:1,-0.18,60,326,307:1,65,353,283:1,-0.49,3985,24,19,28,-1.54,349,79,69,88,0.64,309,61.0,53.0,70.0,-0.05,227,83,1.13,2008,4002,50.2,43.7,56.7,0.89,643,9213,7.0,-0.58,761,20,15,26,-0.29,93823,19315,4.9,0.12,1580,3833,41,32,51,1.63,18,9.7,-1.16,73,393,-0.03,83,90,71,111,0.88,11.3,2.30,Yes,0.48,1570,20,16,23,-1.32,5882,8119,72,68,77,-0.14,5882,11,8,14,-1.95,
06029,California,Kern,8813,7492,7294,7690,0.68,21,20,21,1.20,4.2,4.1,4.4,0.74,4.0,3.9,4.2,0.70,,7327,102852,7,7,7,1.10,17,16,17,1.92,29,25,32,1.22,7.3,-0.18,22,19,25,1.91,80,0.09,19,19,20,0.73,186,578,32,30,34,0.22,6508,760,2.94,13669,234716,58,57,59,2.00,153624,20,19,22,0.61,425,49,2033:1,0.73,407,47,2149:1,1.08,1262,144,693:1,1333,152,656:1,0.91,45651,59,56,61,1.57,6684,82,80,84,-0.31,4060,54.0,51.0,56.0,1.20,12248,82,1.36,109584,235416,46.5,45.4,47.7,1.24,41204,394849,10.4,0.48,83543,33,31,35,1.44,99161,20083,4.9,0.26,95898,253482,38,36,39,1.04,391,4.5,1.01,4767,561,1.09,2655,63,60,65,-0.18,9.2,0.40,Yes,0.48,67720,27,26,28,0.56,240314,312996,77,76,78,0.48,240314,25,24,26,-0.59,
06031,California,Kings,1293,6349,5925,6773,0.01,22,21,22,1.40,4.4,4.3,4.6,1.19,4.0,3.9,4.2,0.70,,1146,17962,6,6,7,0.08,16,15,16,1.24,25,20,30,0.22,7.0,0.14,18,14,24,0.57,52,1.95,19,18,20,0.50,18,86,21,16,27,-1.20,540,357,0.19,2085,36894,57,54,59,1.86,22593,19,17,20,0.12,64,42,2359:1,0.96,87,58,1727:1,0.59,238,158,631:1,241,160,624:1,0.85,9930,63,58,68,1.95,1532,73,69,77,2.35,907,51.0,46.0,55.0,1.74,1783,85,0.65,22194,46186,48.1,45.5,50.6,1.10,6920,57393,12.1,0.97,13840,34,30,38,1.56,93691,20726,4.5,-0.48,15157,41597,36,33,40,0.80,62,4.1,1.19,614,398,0.00,356,47,42,52,-0.80,8.9,0.07,Yes,0.48,9970,24,23,26,-0.07,40884,53699,76,74,78,0.39,40884,24,22,26,-0.69,
06033,California,Lake,1287,10645,9687,11602,2.52,18,17,18,0.44,4.3,4.1,4.4,0.97,4.2,4.1,4.4,1.28,,309,5099,6,5,7,-0.36,15,15,16,1.13,27,21,32,0.69,6.0,1.22,22,17,28,1.91,87,-0.35,17,16,18,-0.93,29,76,38,32,44,0.98,156,244,-0.58,581,13600,43,39,46,0.79,10307,20,18,22,0.56,39,61,1637:1,0.34,28,44,2292:1,1.20,206,321,312:1,211,329,304:1,-0.32,10905,50,45,54,0.78,1172,80,75,85,0.34,966,54.0,49.0,59.0,1.20,689,88,-0.29,7183,13637,52.7,47.7,57.6,0.65,2653,29928,8.9,0.00,4119,32,25,40,1.36,77506,15556,5.0,0.34,5480,13076,42,35,49,1.75,44,6.9,0.03,333,512,0.77,427,133,120,146,2.57,7.2,-1.43,Yes,0.48,7415,28,26,31,1.01,15839,21354,74,71,78,0.11,15839,36,32,40,0.50,
06035,California,Lassen,367,6744,5788,7700,0.24,14,14,15,-0.54,3.6,3.5,3.8,-0.59,3.6,3.4,3.7,-0.48,,151,2183,7,6,8,0.82,15,14,15,0.85,25,20,31,0.22,4.2,3.16,17,13,22,-0.09,39,2.74,22,21,23,2.85,9,41,22,14,31,-1.07,80,238,-0.62,218,6265,35,30,39,0.18,2553,13,11,14,-1.70,15,47,2144:1,0.82,34,107,934:1,-1.51,90,283,353:1,98,309,324:1,-0.18,3006,55,46,64,1.23,327,77,67,86,1.22,254,52.0,43.0,60.0,1.56,287,85,0.58,4590,11579,39.6,36.1,43.2,1.92,1002,10808,9.3,0.12,1069,20,15,26,-0.27,96338,21727,4.4,-0.63,1500,4800,31,23,40,-0.10,24,7.5,-0.21,123,353,-0.30,150,88,74,102,0.82,11.1,2.14,Yes,0.48,2020,20,16,24,-1.29,6961,9167,76,72,80,0.36,6961,17,13,20,-1.41,
06037,California,Los Angeles,76580,5009,4962,5057,-0.78,21,20,21,1.15,3.9,3.8,4.0,0.08,3.6,3.5,3.6,-0.48,,69243,963144,7,7,7,1.19,12,12,13,-0.51,21,20,22,-0.87,7.8,-0.72,17,16,18,0.14,98,-1.03,17,16,17,-1.01,800,2942,27,26,28,-0.41,50775,510,1.23,81281,2524795,32,32,32,-0.02,2064660,24,23,24,1.57,7291,73,1374:1,-0.06,8056,80,1256:1,-0.34,25937,256,390:1,27171,269,372:1,0.10,552565,49,48,50,0.71,58930,80,79,81,0.26,41389,54.0,54.0,55.0,1.20,110348,81,1.78,1753773,2941528,59.6,,,-0.03,415088,5025883,8.3,-0.19,605129,27,26,28,0.60,117883,21918,5.4,1.04,841262,2329364,36,36,37,0.75,5519,5.5,0.60,46969,474,0.51,17981,36,36,37,-1.20,8.1,-0.62,Yes,0.48,1118730,35,35,35,2.74,3217518,4434574,73,72,73,-0.12,3217518,45,45,46,1.42,
06039,California,Madera,1490,6855,6390,7321,0.30,23,22,23,1.72,4.5,4.4,4.7,1.41,4.2,4.1,4.4,1.28,,1083,16938,6,6,7,0.10,16,15,16,1.36,27,22,32,0.72,7.3,-0.18,20,16,24,1.03,79,0.19,18,17,18,-0.40,46,133,35,30,39,0.53,636,418,0.61,2184,39413,55,53,58,1.78,29028,23,21,25,1.33,72,47,2117:1,0.80,70,45,2208:1,1.13,189,122,818:1,196,127,789:1,1.09,11411,50,46,54,0.78,1573,87,82,91,-1.60,952,61.0,56.0,66.0,-0.05,1869,84,0.99,17347,40185,43.2,40.3,46.0,1.57,6981,63184,11.0,0.67,12871,31,25,37,1.14,90589,20452,4.4,-0.64,14201,42446,33,30,37,0.29,75,4.9,0.85,796,521,0.83,465,61,56,67,-0.23,9.9,1.03,Yes,0.48,11810,28,26,30,0.92,32282,42533,76,74,77,0.36,32282,35,32,37,0.39,
06041,California,Marin,1863,3622,3332,3911,-1.59,11,10,11,-1.42,3.1,3.0,3.2,-1.70,3.2,3.1,3.3,-1.65,,1085,17414,6,6,7,-0.13,11,10,11,-1.58,18,15,21,-1.68,8.3,-1.26,11,9,13,-2.35,96,-0.93,18,18,19,0.20,13,41,32,24,40,0.16,466,182,-1.00,504,44310,11,10,12,-1.64,24063,12,11,13,-1.96,373,144,693:1,-2.45,281,108,928:1,-1.54,1682,645,155:1,1720,660,152:1,-2.63,29180,27,25,29,-1.23,1407,82,77,86,-0.17,2395,65.0,62.0,68.0,-0.77,2145,94,-1.76,44489,59706,74.5,71.9,77.1,-1.49,5980,140051,4.3,-1.41,5357,10,8,12,-1.66,197952,35112,5.6,1.50,11963,52489,23,21,25,-1.56,209,8.1,-0.47,517,203,-1.31,678,53,49,57,-0.54,7.5,-1.17,Yes,0.48,25130,24,23,25,-0.09,81264,122993,66,65,67,-1.05,81264,41,39,43,0.98,
06043,California,Mariposa,238,7495,5805,9185,0.68,13,13,14,-0.83,3.6,3.5,3.8,-0.59,3.7,3.6,3.9,-0.19,,62,1016,6,5,8,-0.30,13,12,13,-0.34,23,18,30,-0.20,6.9,0.25,17,12,23,-0.01,58,1.56,18,17,19,-0.17,7,25,28,17,39,-0.31,29,162,-1.14,87,3680,24,19,29,-0.69,2092,16,14,17,-0.85,5,28,3551:1,1.44,8,45,2210:1,1.13,38,215,465:1,42,238,421:1,0.32,3378,35,28,42,-0.53,298,83,72,93,-0.42,257,59.0,49.0,68.0,0.31,145,93,-1.33,2225,3410,65.2,56.3,74.2,-0.59,715,8128,8.8,-0.02,726,25,18,32,0.37,101953,19884,5.1,0.60,1160,3070,38,28,48,1.03,17,9.6,-1.09,54,296,-0.68,89,99,79,121,1.23,10.1,1.17,Yes,0.48,1335,18,14,23,-1.72,4585,7167,64,59,69,-1.35,4585,41,33,49,0.98,
06045,California,Mendocino,1144,7596,6906,8287,0.74,17,17,18,0.31,4.2,4.1,4.4,0.74,4.2,4.0,4.3,1.28,,452,7702,6,5,6,-0.63,15,15,16,0.96,23,19,28,-0.26,6.8,0.36,18,14,22,0.26,74,0.47,17,17,18,-0.70,25,90,28,22,33,-0.34,335,383,0.37,714,18699,38,35,41,0.44,15604,22,20,24,1.09,83,95,1051:1,-0.80,68,77,1292:1,-0.24,387,440,227:1,393,447,224:1,-1.15,13960,31,28,34,-0.88,1277,85,80,90,-1.21,1347,59.0,54.0,63.0,0.31,929,84,0.91,11158,20285,55.0,50.7,59.4,0.42,2838,41067,6.9,-0.60,4924,26,20,33,0.53,85236,17390,4.9,0.20,7175,18642,38,34,43,1.16,73,8.4,-0.59,443,501,0.69,383,87,79,96,0.80,7.3,-1.38,Yes,0.48,9570,28,26,30,0.89,26222,35713,73,71,76,0.00,26222,21,18,23,-1.01,
06047,California,Merced,2333,6724,6384,7063,0.23,23,22,24,1.74,4.7,4.6,4.8,1.85,4.1,4.0,4.3,0.99,,2021,30482,7,6,7,0.42,16,15,16,1.30,29,24,35,1.44,6.9,0.25,21,17,26,1.49,66,1.02,16,16,17,-1.46,64,203,32,28,35,0.14,1072,409,0.54,3654,79848,46,44,47,1.03,48769,21,19,23,0.78,129,49,2041:1,0.74,112,42,2378:1,1.27,307,115,868:1,317,119,840:1,1.14,22664,51,48,53,0.84,3682,80,77,83,0.32,1983,61.0,58.0,64.0,-0.05,3735,92,-1.13,29928,68750,43.5,41.5,45.5,1.54,14771,115386,12.8,1.20,28341,36,32,40,1.84,87230,19029,4.6,-0.36,29683,79475,37,35,40,0.96,112,4.3,1.12,1563,604,1.38,785,61,56,65,-0.25,9.1,0.25,Yes,0.48,20200,27,26,29,0.66,72054,92426,78,77,78,0.65,72054,28,27,30,-0.24,
06049,California,Modoc,165,10229,7545,12913,2.28,16,16,17,0.06,4.2,4.0,4.3,0.74,4.2,4.0,4.3,1.28,,44,639,7,5,9,0.77,14,14,15,0.62,25,19,32,0.13,5.5,1.76,21,15,28,1.56,42,2.57,17,16,18,-0.85,5,14,36,21,50,0.67,14,150,-1.22,72,2016,36,28,45,0.25,1598,23,21,25,1.38,5,55,1829:1,0.55,7,78,1289:1,-0.25,21,233,430:1,22,244,410:1,0.27,1679,50,39,61,0.80,164,84,70,98,-0.70,150,56.0,44.0,68.0,0.84,83,90,-0.62,1262,1805,69.9,57.8,82.0,-1.04,353,3365,10.5,0.49,544,31,23,40,1.22,79274,18297,4.3,-0.81,473,1942,24,12,37,-1.29,5,5.5,0.62,43,440,0.28,59,125,95,161,2.25,10.0,1.10,No,-2.03,750,19,14,24,-1.50,2199,3317,66,61,71,-1.02,2199,14,9,19,-1.63,
06051,California,Mono,77,3725,2939,4655,-1.53,14,14,14,-0.59,3.6,3.4,3.7,-0.59,3.6,3.5,3.8,-0.48,,85,1070,8,6,10,2.23,14,13,14,0.17,22,16,29,-0.54,7.3,-0.18,14,10,20,-0.97,83,-0.09,21,20,22,2.24,3,18,17,6,31,-1.74,24,167,-1.10,59,2735,22,16,28,-0.85,2885,23,21,26,1.53,7,50,2011:1,0.72,5,36,2799:1,1.54,24,171,583:1,25,179,560:1,0.73,1085,33,21,45,-0.69,75,80,60,100,0.30,101,70.0,54.0,87.0,-1.67,84,85,0.73,2432,3891,62.5,49.1,75.9,-0.32,589,8161,7.2,-0.51,440,16,12,21,-0.83,100187,32990,3.0,-3.00,627,2849,22,10,34,-1.69,12,8.5,-0.65,51,353,-0.30,27,38,25,55,-1.14,11.0,2.05,Yes,0.48,1325,26,20,33,0.41,3971,7482,53,45,61,-2.92,3971,22,13,31,-0.88,
06053,California,Monterey,2975,5044,4809,5280,-0.76,20,19,21,0.96,4.1,4.0,4.2,0.52,3.8,3.6,3.9,0.11,,2797,48820,6,6,6,-0.82,14,13,14,0.17,24,20,28,-0.12,8.0,-0.94,17,14,20,-0.05,87,-0.35,19,18,20,0.58,55,178,31,27,35,0.06,1506,353,0.16,5211,107785,48,47,50,1.23,88415,24,23,26,1.80,265,62,1618:1,0.31,274,64,1574:1,0.35,1085,252,398:1,1097,254,393:1,0.20,45353,34,32,35,-0.64,4969,84,82,87,-0.93,3814,63.0,60.0,65.0,-0.41,4700,82,1.27,53879,119178,45.2,43.7,46.7,1.38,19920,219814,9.1,0.06,28122,25,22,28,0.39,114702,26298,4.4,-0.76,36691,111912,33,31,35,0.17,217,5.1,0.79,1951,464,0.44,1054,50,47,53,-0.67,7.2,-1.42,Yes,0.48,38440,31,30,32,1.64,125613,177092,71,70,72,-0.36,125613,28,27,29,-0.28,
06055,California,Napa,1203,4729,4323,5135,-0.94,14,14,15,-0.52,3.5,3.4,3.6,-0.81,3.4,3.3,3.6,-1.07,,669,10966,6,6,7,-0.31,11,11,12,-1.19,24,20,29,0.05,8.4,-1.37,14,11,18,-1.12,94,-0.79,18,18,19,0.13,15,50,30,23,38,-0.05,298,214,-0.78,746,31988,23,22,25,-0.71,20081,18,16,19,-0.24,143,102,981:1,-1.03,111,78,1276:1,-0.28,583,412,243:1,590,416,240:1,-0.93,13329,38,35,42,-0.23,1020,79,74,85,0.52,987,64.0,59.0,69.0,-0.59,1549,88,-0.29,19976,34828,57.4,54.4,60.3,0.19,4129,74041,5.6,-1.01,3660,12,9,15,-1.40,135622,30476,4.5,-0.60,8353,30657,27,23,31,-0.79,107,7.6,-0.28,529,384,-0.10,343,50,45,55,-0.68,7.6,-1.12,Yes,0.48,12265,25,23,27,0.06,50336,65991,76,75,78,0.41,50336,32,30,34,0.11,
06057,California,Nevada,1048,6140,5480,6800,-0.12,12,11,12,-1.22,3.4,3.2,3.5,-1.03,3.5,3.4,3.7,-0.77,,324,5673,6,5,6,-0.84,12,11,12,-0.90,20,16,24,-1.15,7.3,-0.18,15,12,18,-0.89,78,0.26,18,18,19,0.05,20,54,37,30,44,0.84,180,183,-1.00,331,20184,16,15,18,-1.25,13143,17,16,19,-0.31,74,75,1327:1,-0.14,84,85,1177:1,-0.56,482,487,205:1,496,502,199:1,-1.53,16224,35,32,38,-0.49,973,87,81,93,-1.64,1422,69.0,65.0,74.0,-1.49,1136,91,-0.83,14074,19793,71.1,66.1,76.1,-1.16,3153,47906,6.6,-0.70,3043,18,13,22,-0.64,110651,25388,4.4,-0.76,4588,17954,26,21,30,-1.08,92,9.4,-1.00,274,276,-0.82,376,76,69,84,0.36,9.6,0.73,No,-2.03,9875,24,22,26,-0.27,30905,40647,76,74,78,0.38,30905,27,25,30,-0.33,
06059,California,Orange,20563,4153,4075,4232,-1.28,13,12,13,-0.93,3.4,3.3,3.5,-1.03,3.3,3.2,3.4,-1.36,,17985,278726,6,6,7,0.18,11,11,11,-1.24,20,18,21,-1.21,8.5,-1.48,15,14,17,-0.58,99,-1.10,20,19,20,1.03,216,750,29,27,31,-0.21,8611,279,-0.34,17327,753577,23,23,23,-0.74,506359,19,18,20,0.12,2971,95,1048:1,-0.81,3265,104,963:1,-1.37,6178,196,509:1,6550,208,480:1,0.52,195543,35,34,35,-0.57,17486,84,82,85,-0.72,14275,64.0,63.0,65.0,-0.59,38320,92,-1.11,572928,861312,66.5,,,-0.71,86442,1575606,5.5,-1.04,126952,18,16,19,-0.60,148925,31454,4.7,-0.10,188374,725048,26,25,27,-1.01,1837,5.9,0.44,6735,221,-1.18,5504,36,35,37,-1.21,7.6,-1.05,No,-2.03,284145,29,28,29,1.09,1132003,1448689,78,78,78,0.68,1132003,38,38,39,0.72,
06061,California,Placer,3091,4924,4655,5192,-0.83,11,11,11,-1.37,3.3,3.1,3.4,-1.25,3.5,3.3,3.6,-0.77,,1546,26889,6,6,6,-0.79,11,11,12,-1.07,23,20,26,-0.40,7.9,-0.83,14,12,17,-1.12,92,-0.69,20,19,21,1.34,31,112,28,23,33,-0.35,806,223,-0.73,1101,81698,13,13,14,-1.48,38368,13,12,14,-1.71,440,120,835:1,-1.63,378,102,983:1,-1.28,852,229,436:1,884,238,420:1,0.31,32241,29,27,31,-1.03,2585,85,82,89,-1.15,2715,70.0,67.0,73.0,-1.67,4959,92,-1.27,67230,87359,77.0,74.7,79.2,-1.73,11053,176474,6.3,-0.80,8188,10,8,12,-1.71,137055,30946,4.4,-0.64,19468,84729,23,21,25,-1.53,280,7.6,-0.28,720,203,-1.30,866,49,46,52,-0.72,9.3,0.48,Yes,0.48,26620,20,19,21,-1.23,123987,157504,79,78,79,0.76,123987,38,36,40,0.70,
06063,California,Plumas,325,8756,6938,10573,1.42,14,14,14,-0.59,3.8,3.7,4.0,-0.14,3.9,3.8,4.1,0.40,,72,1171,6,5,8,-0.24,13,13,14,0.00,24,19,30,-0.04,6.9,0.25,16,11,21,-0.51,93,-0.75,17,16,17,-1.08,10,30,33,24,43,0.37,51,263,-0.45,96,4172,23,19,28,-0.74,2586,18,16,20,-0.04,15,80,1257:1,-0.28,20,107,930:1,-1.53,43,231,433:1,46,247,404:1,0.25,4542,53,46,60,1.07,350,77,68,86,1.11,401,65.0,57.0,73.0,-0.77,143,93,-1.33,2238,3674,60.9,52.6,69.2,-0.16,952,8140,11.7,0.86,679,22,16,28,-0.10,89964,18317,4.9,0.22,1173,3299,36,26,45,0.65,34,18.0,-3.00,107,533,0.91,98,100,81,122,1.28,10.4,1.46,Yes,0.48,1865,20,17,24,-1.15,5265,7116,74,68,80,0.08,5265,31,24,37,-0.02,
06065,California,Riverside,19465,5589,5483,5696,-0.44,18,18,19,0.50,4.2,4.1,4.3,0.74,4.0,3.9,4.1,0.70,,14437,220529,7,6,7,0.31,14,14,14,0.45,26,23,28,0.38,7.7,-0.61,18,17,20,0.57,91,-0.60,18,17,18,-0.17,376,1092,34,33,36,0.51,8853,390,0.42,21197,619620,34,34,35,0.13,431410,22,21,23,1.04,946,41,2423:1,1.00,1127,48,2067:1,1.00,3291,141,708:1,3456,148,674:1,0.94,113192,44,43,45,0.27,10993,79,77,81,0.57,8478,58.0,56.0,59.0,0.48,64665,85,0.54,317198,595403,53.3,,,0.59,83372,1010706,8.2,-0.19,141970,24,22,25,0.16,110055,23943,4.6,-0.34,186723,610803,31,30,32,-0.21,936,4.1,1.20,6788,306,-0.62,5233,47,46,48,-0.79,9.4,0.57,Yes,0.48,192095,28,28,29,1.00,674952,873689,77,77,78,0.55,674952,45,44,46,1.42,
06067,California,Sacramento,14304,6293,6153,6432,-0.03,16,16,16,-0.07,3.9,3.8,4.0,0.08,3.8,3.7,3.9,0.11,,9689,142944,7,7,7,0.63,15,15,15,0.96,27,25,29,0.69,7.0,0.14,17,15,19,-0.01,97,-1.02,18,17,18,-0.40,166,574,29,27,31,-0.19,7965,549,1.50,11232,347914,32,32,33,-0.02,214090,17,16,18,-0.47,1177,80,1242:1,-0.31,1079,73,1374:1,-0.04,4510,304,329:1,4640,313,319:1,-0.21,79757,36,34,37,-0.46,8134,81,79,83,0.02,6841,60.0,58.0,61.0,0.13,16692,85,0.63,266728,406172,65.7,,,-0.63,49979,682174,7.3,-0.47,84938,24,22,26,0.20,109436,22886,4.8,-0.01,129764,357116,36,35,38,0.78,1047,7.2,-0.08,8014,559,1.08,3981,55,54,57,-0.46,8.7,-0.09,Yes,0.48,122310,24,23,24,-0.23,455420,602052,76,75,76,0.32,455420,34,34,35,0.35,
06069,California,San Benito,415,5054,4396,5712,-0.75,18,17,18,0.37,3.9,3.7,4.0,0.08,3.6,3.5,3.7,-0.48,,344,5409,6,6,7,0.05,12,12,13,-0.51,24,18,30,-0.06,8.5,-1.48,14,10,20,-0.97,94,-0.76,19,18,20,0.73,12,36,33,25,42,0.37,200,352,0.15,466,15534,30,27,33,-0.19,9805,19,17,21,0.25,21,36,2743:1,1.16,27,46,2158:1,1.09,49,84,1189:1,49,84,1189:1,1.39,5396,53,47,59,1.07,683,80,74,87,0.24,443,64.0,57.0,72.0,-0.59,838,90,-0.63,8239,14777,55.8,51.2,60.3,0.34,2731,29242,9.3,0.14,3056,20,16,24,-0.34,123469,30537,4.0,-1.32,4361,15687,28,23,33,-0.69,24,4.2,1.16,209,373,-0.17,126,45,37,53,-0.87,7.9,-0.77,Yes,0.48,5050,30,27,33,1.44,18851,24447,77,75,80,0.53,18851,43,40,47,1.23,
06071,California,San Bernardino,19384,6445,6328,6563,0.06,21,20,21,1.15,4.3,4.2,4.4,0.97,3.8,3.7,4.0,0.11,,16064,223863,7,7,7,1.17,14,14,15,0.45,29,26,31,1.27,7.5,-0.40,19,17,21,0.64,90,-0.54,18,17,18,-0.48,364,1230,30,28,31,-0.11,10966,527,1.35,24374,596945,41,40,41,0.65,377512,20,20,21,0.61,1200,57,1740:1,0.46,1369,65,1543:1,0.30,3609,171,585:1,3751,178,563:1,0.73,78940,52,51,54,1.01,9412,76,74,77,1.57,6198,51.0,49.0,52.0,1.74,29684,84,0.82,302091,567809,53.2,,,0.59,73197,909188,8.1,-0.25,159554,28,26,30,0.80,104792,22431,4.7,-0.21,207338,578745,36,35,37,0.70,904,4.3,1.09,8867,430,0.22,4392,43,41,44,-0.96,10.4,1.50,Yes,0.48,172635,29,28,29,1.11,612265,799738,77,76,77,0.45,612265,40,39,41,0.89,
06073,California,San Diego,23996,4871,4788,4954,-0.86,14,14,15,-0.49,3.4,3.3,3.5,-1.03,3.6,3.5,3.7,-0.48,,20742,315796,7,7,7,0.34,12,12,12,-0.85,20,19,22,-1.10,7.8,-0.72,15,14,16,-0.81,96,-0.93,20,20,20,1.41,295,1032,29,27,30,-0.23,14706,463,0.91,22007,733088,30,30,30,-0.19,490023,18,17,19,-0.16,2530,79,1269:1,-0.26,2664,82,1225:1,-0.42,9233,283,353:1,9648,296,338:1,-0.09,200553,36,35,37,-0.46,16887,82,80,83,-0.16,15381,56.0,54.0,57.0,0.84,32323,86,0.36,632795,923784,68.5,,,-0.90,99216,1546363,6.4,-0.75,135884,19,17,20,-0.46,127710,26233,4.9,0.14,210522,720037,29,28,30,-0.44,1827,5.7,0.53,11496,367,-0.21,7506,48,47,49,-0.75,7.9,-0.83,Yes,0.48,284235,27,26,27,0.52,1114217,1463835,76,76,77,0.39,1114217,32,31,33,0.12,
06075,California,San Francisco,6709,4930,4759,5102,-0.82,11,11,11,-1.29,3.2,3.1,3.3,-1.48,3.1,3.1,3.2,-1.95,,4434,62546,7,7,7,1.06,12,11,12,-1.02,15,13,17,-2.60,7.3,-0.18,14,12,16,-1.20,100,-1.17,20,19,20,1.18,39,157,25,21,29,-0.71,5112,619,1.98,1690,118076,14,14,15,-1.41,88387,12,11,13,-1.80,1331,159,629:1,-2.94,1223,143,697:1,-3.06,6647,780,128:1,6765,794,126:1,-3.57,60949,35,34,36,-0.53,4814,82,79,85,-0.27,4153,62.0,59.0,64.0,-0.23,4113,82,1.39,269086,316576,85.0,,,-2.52,23307,532645,4.4,-1.38,15224,14,11,17,-1.18,168480,24408,6.9,3.74,30790,109734,28,26,30,-0.65,740,8.8,-0.78,5716,703,2.04,2247,55,53,57,-0.47,8.0,-0.73,No,-2.03,93090,27,27,28,0.71,165151,456670,36,36,37,-5.34,165151,46,45,48,1.53,
06077,California,San Joaquin,7152,6986,6775,7198,0.38,19,18,19,0.60,4.0,3.9,4.1,0.30,3.8,3.7,3.9,0.11,,5206,74332,7,7,7,0.94,14,14,14,0.34,29,26,33,1.47,7.2,-0.07,19,16,21,0.64,83,-0.08,17,16,17,-1.16,140,396,35,33,38,0.62,3416,486,1.07,7442,191930,39,38,40,0.49,118403,19,18,20,0.23,420,60,1677:1,0.39,405,57,1767:1,0.65,1286,180,556:1,1301,182,550:1,0.70,45147,48,46,50,0.58,5547,82,79,84,-0.15,3702,57.0,55.0,60.0,0.66,8916,86,0.29,94297,184694,51.1,,,0.80,33094,311061,10.6,0.54,53907,28,25,30,0.70,106884,22172,4.8,0.05,68631,196978,35,33,36,0.53,331,4.7,0.94,5822,839,2.95,2102,61,58,63,-0.25,8.9,0.10,Yes,0.48,60305,28,27,29,0.96,203516,266476,76,76,77,0.43,203516,33,32,35,0.26,
06079,California,San Luis Obispo,2480,5411,5077,5745,-0.54,13,13,14,-0.80,3.5,3.3,3.6,-0.81,3.6,3.5,3.7,-0.48,,1106,18832,6,6,6,-0.62,12,12,13,-0.51,22,19,25,-0.65,7.6,-0.51,15,12,18,-0.70,89,-0.48,20,19,21,1.49,42,130,32,28,37,0.24,980,357,0.19,1249,74721,17,16,18,-1.23,33835,16,14,17,-0.80,226,82,1223:1,-0.36,219,78,1274:1,-0.29,1308,469,213:1,1339,480,208:1,-1.38,39033,27,25,28,-1.27,3227,84,81,87,-0.86,3403,66.0,63.0,69.0,-0.95,2695,93,-1.38,41732,61732,67.6,64.9,70.3,-0.82,7838,139865,5.6,-1.00,7765,16,12,19,-0.91,114652,24743,4.6,-0.28,12917,50101,26,23,29,-1.04,251,9.1,-0.88,768,282,-0.78,796,58,54,63,-0.34,7.5,-1.20,Yes,0.48,25035,25,23,26,-0.02,90270,121145,75,73,76,0.16,90270,24,22,25,-0.71,
06081,California,San Mateo,4904,3676,3526,3827,-1.56,12,11,12,-1.19,3.0,2.9,3.1,-1.92,3.0,2.9,3.1,-2.24,,4379,65369,7,7,7,0.52,9,9,10,-2.26,20,18,23,-1.12,8.5,-1.48,16,14,18,-0.51,100,-1.16,18,17,18,-0.25,46,183,25,21,29,-0.67,1754,237,-0.63,2582,139636,18,18,19,-1.09,76798,12,11,13,-1.92,741,99,1009:1,-0.94,745,98,1018:1,-1.13,2229,294,340:1,2283,301,332:1,-0.13,54926,27,25,28,-1.25,4139,78,75,81,0.82,3895,67.0,64.0,69.0,-1.13,6088,91,-0.99,158167,212755,74.3,73.0,75.7,-1.47,18117,430778,4.2,-1.43,15725,10,8,12,-1.70,184424,39564,4.7,-0.23,35363,160340,22,21,23,-1.68,441,5.9,0.44,1711,235,-1.09,1338,37,35,39,-1.19,8.0,-0.70,Yes,0.48,64235,25,24,26,0.07,260229,370844,70,69,71,-0.46,260229,35,34,36,0.42,
06083,California,Santa Barbara,3085,4807,4579,5035,-0.90,17,16,17,0.16,3.9,3.8,4.0,0.08,3.6,3.5,3.8,-0.48,,2506,41613,6,6,6,-0.41,12,12,13,-0.51,19,16,22,-1.43,8.2,-1.15,15,12,18,-0.85,96,-0.90,18,18,19,0.05,45,142,32,27,36,0.16,1880,436,0.73,4187,130828,32,31,33,-0.04,75743,21,20,22,0.79,338,78,1289:1,-0.22,333,76,1323:1,-0.16,1854,421,238:1,1914,434,230:1,-1.06,47384,29,27,30,-1.09,4280,85,82,88,-1.04,3744,66.0,64.0,69.0,-0.95,4769,88,-0.10,60979,107360,56.8,55.1,58.5,0.24,13300,218721,6.1,-0.85,21781,23,19,26,0.04,128161,25912,4.9,0.28,30102,97003,31,29,33,-0.13,331,7.6,-0.27,1714,401,0.02,945,44,41,47,-0.90,7.2,-1.41,Yes,0.48,41045,29,28,30,1.19,130756,194766,67,66,68,-0.90,130756,18,17,19,-1.27,
06085,California,Santa Clara,10901,3721,3625,3817,-1.53,11,11,12,-1.24,3.0,2.9,3.0,-1.92,2.9,2.8,3.0,-2.53,,11961,174607,7,7,7,0.73,9,9,9,-2.43,20,18,21,-1.29,8.3,-1.26,15,14,17,-0.62,98,-1.07,16,16,16,-1.69,143,463,31,29,33,0.06,6517,355,0.17,8142,383221,21,21,22,-0.87,204201,13,12,13,-1.76,1972,106,944:1,-1.16,2028,107,934:1,-1.51,5057,267,375:1,5161,272,367:1,0.07,121543,31,30,32,-0.88,11579,80,78,82,0.30,9099,62.0,61.0,64.0,-0.23,18610,87,0.03,418264,559663,74.7,,,-1.51,51736,995256,5.2,-1.12,40118,9,8,11,-1.76,184353,36841,5.0,0.38,97177,431435,23,22,23,-1.60,1036,5.6,0.58,4728,262,-0.91,3327,37,36,38,-1.19,8.3,-0.46,Yes,0.48,146015,24,24,25,-0.15,662984,867212,76,76,77,0.44,662984,35,34,35,0.39,
06087,California,Santa Cruz,2155,5149,4839,5459,-0.70,14,14,15,-0.49,3.7,3.5,3.8,-0.37,3.7,3.6,3.8,-0.19,,1325,22781,6,6,6,-0.70,13,13,14,-0.11,21,17,24,-0.98,7.7,-0.61,11,9,14,-2.12,96,-0.93,20,19,20,1.03,16,64,25,19,32,-0.69,994,373,0.30,1821,77736,23,22,25,-0.70,41619,19,17,20,0.03,258,96,1044:1,-0.82,209,77,1300:1,-0.22,1516,558,179:1,1554,572,175:1,-2.02,30470,31,29,33,-0.85,2602,83,80,87,-0.65,2720,70.0,67.0,73.0,-1.67,2477,90,-0.78,43417,65419,66.4,63.7,69.0,-0.69,12469,142626,8.7,-0.04,10217,19,15,23,-0.44,137063,26048,5.3,0.83,16120,54293,30,27,33,-0.36,198,7.3,-0.16,1174,443,0.30,719,54,50,58,-0.50,7.7,-1.00,Yes,0.48,25240,27,26,28,0.64,88913,126431,70,69,72,-0.44,88913,37,35,39,0.63,
06089,California,Shasta,2847,8960,8446,9473,1.54,15,14,15,-0.44,3.9,3.8,4.1,0.08,4.0,3.9,4.2,0.70,,914,14893,6,6,7,-0.26,14,14,15,0.45,27,23,32,0.86,6.3,0.90,20,17,24,1.29,78,0.25,18,17,19,-0.10,51,115,44,40,49,1.76,581,325,-0.03,1389,41198,34,32,36,0.09,25986,18,16,20,-0.13,147,82,1218:1,-0.37,128,71,1405:1,0.02,432,240,416:1,451,251,399:1,0.22,29103,40,38,43,-0.05,2978,81,78,84,0.04,2398,63.0,60.0,66.0,-0.41,1930,91,-0.91,26194,40266,65.1,62.0,68.1,-0.57,7293,75458,9.7,0.24,7682,20,15,26,-0.27,88312,19111,4.6,-0.30,14197,38593,37,33,41,0.86,151,8.4,-0.61,1352,757,2.40,881,99,93,106,1.25,9.6,0.74,Yes,0.48,15455,22,21,24,-0.62,54018,66123,82,80,83,1.19,54018,14,13,16,-1.61,
06091,California,Sierra,,,,,0.00,13,13,14,-0.80,3.7,3.5,3.8,-0.37,3.8,3.6,3.9,0.11,,10,155,6,,,0.18,13,12,13,-0.45,24,18,31,-0.09,4.8,2.52,17,11,24,-0.09,74,0.52,17,16,17,-1.16,4,11,36,20,52,0.75,,,0.00,,,,,,0.00,465,20,18,23,0.61,1,33,3047:1,1.28,2,67,1502:1,0.22,5,167,601:1,5,167,601:1,0.81,912,21,11,32,-1.73,63,84,61,100,-0.87,86,58.0,42.0,74.0,0.48,,,0.00,317,524,60.5,44.4,76.6,-0.12,145,1448,10.0,0.35,88,19,14,24,-0.45,97000,17136,5.7,1.54,132,501,26,10,43,-0.94,2,6.6,0.16,14,424,0.18,14,89,49,149,0.85,10.2,1.32,Yes,0.48,220,16,9,24,-2.26,918,1188,77,65,89,0.55,918,48,35,62,1.72,
06093,California,Siskiyou,721,9152,8025,10279,1.65,17,16,17,0.08,4.2,4.1,4.4,0.74,4.1,4.0,4.3,0.99,,247,3311,7,7,8,1.57,15,15,16,1.07,23,18,28,-0.34,5.8,1.44,20,15,25,0.99,66,1.04,16,16,17,-1.46,16,55,29,22,36,-0.17,75,170,-1.09,341,8940,38,34,42,0.44,6877,20,18,22,0.55,35,80,1251:1,-0.29,32,73,1363:1,-0.07,140,321,312:1,142,325,307:1,-0.30,8692,40,36,44,-0.07,784,81,75,87,0.06,783,62.0,57.0,68.0,-0.23,409,94,-1.81,5481,8779,62.4,57.4,67.5,-0.31,2028,18001,11.3,0.73,2646,30,24,37,1.08,75009,16059,4.7,-0.21,3225,8961,36,30,42,0.72,56,12.8,-2.42,132,294,-0.70,239,108,94,121,1.58,8.7,-0.05,Yes,0.48,4815,25,22,27,-0.03,11271,15694,72,70,74,-0.23,11271,20,18,23,-1.02,
06095,California,Solano,4113,6196,5928,6463,-0.08,16,15,16,-0.18,3.5,3.4,3.6,-0.81,3.6,3.5,3.7,-0.48,,2587,37372,7,7,7,0.83,12,12,13,-0.51,30,26,34,1.50,7.4,-0.29,18,16,22,0.57,97,-0.98,18,17,18,-0.25,50,165,30,26,34,-0.02,1947,463,0.91,2822,101362,28,27,29,-0.36,52961,15,14,16,-1.12,353,83,1203:1,-0.40,380,88,1135:1,-0.70,1254,291,344:1,1269,294,340:1,-0.08,26419,34,31,36,-0.65,2436,71,68,75,2.79,1987,48.0,45.0,51.0,2.28,5119,84,0.99,69697,111165,62.7,61.0,64.4,-0.34,15186,203706,7.5,-0.43,16144,17,13,20,-0.79,124654,29031,4.3,-0.88,35917,98486,36,34,39,0.81,243,5.7,0.52,1860,446,0.32,1100,53,50,56,-0.56,8.1,-0.62,No,-2.03,32805,23,22,24,-0.36,139366,183003,76,75,77,0.39,139366,39,37,40,0.79,
06097,California,Sonoma,4392,4737,4524,4950,-0.94,13,13,14,-0.75,3.4,3.3,3.6,-1.03,3.6,3.5,3.7,-0.48,,2161,37854,6,6,6,-0.85,12,11,12,-0.96,22,19,25,-0.70,7.8,-0.72,13,11,15,-1.43,95,-0.84,18,17,18,-0.48,56,174,32,28,36,0.22,1449,295,-0.24,2335,111402,21,20,22,-0.90,70240,17,16,18,-0.37,489,99,1012:1,-0.92,434,87,1153:1,-0.64,1835,367,273:1,1866,373,268:1,-0.63,43432,26,25,28,-1.32,3114,84,81,87,-0.90,3514,63.0,61.0,66.0,-0.41,4874,86,0.25,76693,123598,62.1,60.4,63.7,-0.27,14351,257295,5.6,-1.01,13770,14,11,16,-1.18,123818,27544,4.5,-0.52,30673,103358,30,28,32,-0.37,344,6.9,0.00,1790,366,-0.21,1154,47,45,50,-0.77,7.2,-1.46,Yes,0.48,46195,25,24,26,0.09,174410,229141,76,75,77,0.39,174410,31,30,32,0.03,
06099,California,Stanislaus,5392,7104,6853,7354,0.45,20,20,21,1.04,4.3,4.2,4.4,0.97,4.1,4.0,4.2,0.99,,3531,56011,6,6,7,-0.03,15,14,15,0.68,32,29,36,2.31,7.1,0.03,18,15,21,0.53,93,-0.71,18,18,19,0.13,72,264,27,24,30,-0.40,1631,313,-0.11,5668,141782,40,39,41,0.58,95255,21,19,22,0.68,359,68,1464:1,0.09,319,60,1668:1,0.50,847,159,628:1,877,165,607:1,0.82,31115,59,56,62,1.58,4362,82,79,85,-0.21,2783,61.0,58.0,64.0,-0.05,7301,86,0.38,69191,138690,49.9,48.4,51.4,0.92,27085,241446,11.2,0.72,34198,24,20,27,0.20,97908,20542,4.8,-0.04,48269,143799,34,32,35,0.31,299,5.7,0.53,2677,515,0.79,1464,56,54,59,-0.42,9.2,0.34,Yes,0.48,45830,28,27,29,0.79,159494,199368,80,79,81,0.95,159494,31,29,32,-0.01,
06101,California,Sutter,992,6481,5927,7035,0.08,17,16,17,0.13,3.9,3.8,4.0,0.08,3.8,3.7,3.9,0.11,,559,9627,6,5,6,-0.71,13,13,14,0.06,28,22,34,1.08,6.0,1.22,22,17,28,1.95,66,1.00,17,17,18,-0.63,11,56,20,13,27,-1.37,285,300,-0.20,790,23594,33,31,36,0.08,17150,21,19,23,0.75,80,84,1192:1,-0.43,75,78,1278:1,-0.28,226,236,424:1,230,240,417:1,0.30,11439,47,43,51,0.51,1663,82,78,86,-0.29,1011,66.0,61.0,71.0,-0.95,1285,88,-0.07,13216,24463,54.0,50.6,57.4,0.51,5653,44455,12.7,1.18,5200,21,15,26,-0.20,102765,21647,4.7,-0.08,7039,25221,28,24,31,-0.67,53,5.6,0.58,340,356,-0.28,291,61,54,68,-0.23,8.1,-0.63,Yes,0.48,7865,25,23,27,0.04,27693,36526,76,73,78,0.35,27693,31,29,34,0.05,
06103,California,Tehama,833,7548,6782,8314,0.71,17,17,18,0.29,4.2,4.1,4.4,0.74,4.0,3.9,4.2,0.70,,307,5380,6,5,6,-0.85,15,15,16,1.07,29,23,35,1.30,6.5,0.68,21,16,26,1.37,60,1.40,18,17,18,-0.40,20,61,33,26,39,0.30,192,303,-0.18,647,15429,42,39,45,0.73,9911,19,17,21,0.23,31,49,2034:1,0.74,36,57,1752:1,0.63,92,146,686:1,96,152,657:1,0.91,11611,41,38,45,0.04,1329,76,72,81,1.37,1037,60.0,55.0,64.0,0.13,758,81,1.69,7423,14498,51.2,46.4,56.0,0.79,2443,25250,9.7,0.25,3956,27,19,34,0.60,83033,19590,4.2,-0.98,4911,15466,32,26,38,-0.01,44,7.0,-0.01,357,558,1.07,268,85,75,95,0.69,8.9,0.15,Yes,0.48,4940,21,19,23,-1.02,16673,22168,75,73,78,0.26,16673,32,28,35,0.09,
06105,California,Trinity,255,10280,8182,12379,2.31,15,15,16,-0.26,4.1,3.9,4.3,0.52,4.1,4.0,4.2,0.99,,46,813,6,4,7,-0.92,15,14,16,0.90,27,21,34,0.66,6.1,1.11,20,15,27,1.26,89,-0.48,16,16,17,-1.38,17,30,57,49,64,3.00,11,81,-1.69,95,2717,35,28,43,0.19,2043,20,18,22,0.46,4,30,3362:1,1.38,6,46,2195:1,1.12,47,357,280:1,47,357,280:1,-0.52,2544,59,49,69,1.61,226,72,61,83,2.66,216,55.0,45.0,65.0,1.02,118,96,-2.18,1827,2753,66.4,54.6,78.2,-0.69,501,5045,9.9,0.32,684,32,23,41,1.27,81576,17136,4.8,-0.05,787,2377,33,22,44,0.23,7,5.2,0.73,30,214,-1.23,85,125,100,154,2.25,8.7,-0.06,Yes,0.48,1035,18,14,21,-1.88,3067,4526,68,62,73,-0.81,3067,19,13,25,-1.19,
06107,California,Tulare,4179,6950,6687,7212,0.36,26,25,26,2.44,4.9,4.7,5.1,2.30,4.4,4.2,4.5,1.87,,3563,57169,6,6,6,-0.13,15,15,16,1.19,30,25,34,1.50,7.0,0.14,18,15,22,0.49,68,0.89,17,16,17,-1.01,112,309,36,33,39,0.74,2368,524,1.33,7595,129032,59,58,60,2.05,85820,21,20,23,0.85,193,42,2353:1,0.96,215,47,2131:1,1.06,950,207,482:1,988,216,464:1,0.47,38259,52,50,54,0.96,5510,80,78,83,0.21,3230,58.0,55.0,60.0,0.48,6389,86,0.43,51176,118634,43.1,41.5,44.8,1.58,26272,198631,13.2,1.33,52542,37,33,41,1.95,87353,18414,4.7,-0.08,51342,142826,36,34,38,0.72,214,4.7,0.93,2027,453,0.37,1134,51,48,54,-0.64,10.3,1.40,Yes,0.48,37325,29,28,30,1.09,124744,165479,75,74,77,0.28,124744,25,24,26,-0.58,
06109,California,Tuolumne,723,6589,5765,7414,0.15,13,13,14,-0.72,3.7,3.5,3.8,-0.37,3.7,3.6,3.9,-0.19,,145,3234,4,4,5,-2.53,13,13,14,0.00,21,16,26,-0.98,6.6,0.57,16,12,21,-0.32,81,0.04,19,18,20,0.50,16,49,33,25,40,0.28,84,156,-1.18,248,10550,24,21,26,-0.70,6115,16,14,18,-0.74,49,91,1099:1,-0.66,61,113,882:1,-1.78,70,130,769:1,71,132,758:1,1.05,10890,26,23,30,-1.28,906,82,76,87,-0.14,933,66.0,61.0,71.0,-0.95,504,89,-0.38,6800,11903,57.1,51.8,62.5,0.21,1888,21638,8.7,-0.05,1813,21,15,26,-0.25,90622,20933,4.3,-0.81,2660,9085,29,22,36,-0.44,48,8.9,-0.81,111,199,-1.33,248,90,79,102,0.91,10.1,1.23,Yes,0.48,4705,21,19,24,-0.93,14646,18863,78,75,80,0.61,14646,24,20,27,-0.68,
06111,California,Ventura,6050,4777,4609,4944,-0.91,15,14,15,-0.39,3.4,3.3,3.5,-1.03,3.3,3.2,3.5,-1.36,,4967,78515,6,6,7,0.00,11,11,12,-1.19,21,18,23,-0.98,8.6,-1.58,17,14,19,-0.09,98,-1.04,19,18,19,0.28,92,274,34,31,37,0.40,2511,300,-0.20,6507,213813,30,30,31,-0.16,129926,18,17,19,-0.11,629,75,1335:1,-0.13,707,84,1197:1,-0.50,2376,281,356:1,2464,291,343:1,-0.06,72985,37,35,38,-0.36,7111,80,78,83,0.17,5570,61.0,59.0,63.0,-0.05,10684,86,0.33,133615,216484,61.7,60.4,63.1,-0.24,28827,431547,6.7,-0.67,31764,16,13,18,-0.88,145709,32915,4.4,-0.64,56538,206349,27,26,29,-0.76,503,6.0,0.40,1706,205,-1.29,1867,45,43,47,-0.86,7.7,-1.01,Yes,0.48,67255,25,25,26,0.16,295630,386259,77,76,77,0.45,295630,33,32,34,0.23,
06113,California,Yolo,1565,5088,4747,5428,-0.73,16,16,17,0.00,3.9,3.8,4.0,0.08,3.7,3.6,3.8,-0.19,,957,17381,6,5,6,-1.13,12,12,13,-0.51,20,16,24,-1.10,7.4,-0.29,14,11,17,-1.04,94,-0.78,18,17,18,-0.25,35,98,36,31,41,0.67,693,340,0.07,1203,69673,17,16,18,-1.18,29856,17,15,18,-0.45,243,119,842:1,-1.59,114,55,1821:1,0.72,659,317,315:1,677,326,307:1,-0.30,11034,22,19,24,-1.71,1010,83,78,89,-0.65,826,61.0,55.0,66.0,-0.05,2275,91,-1.02,35481,51713,68.6,65.9,71.3,-0.91,7814,101799,7.7,-0.37,7788,18,14,21,-0.65,119544,20663,5.8,1.76,12084,44521,27,24,30,-0.81,126,6.2,0.33,546,269,-0.86,414,41,37,45,-1.02,7.9,-0.77,Yes,0.48,17240,25,23,26,-0.03,59797,88717,67,66,69,-0.86,59797,28,26,30,-0.29,
06115,California,Yuba,877,7894,7209,8580,0.91,18,18,18,0.44,4.2,4.0,4.3,0.74,4.0,3.9,4.1,0.70,,528,8778,6,6,7,-0.42,15,15,16,0.96,26,20,32,0.49,5.7,1.54,15,12,19,-0.70,77,0.30,19,18,19,0.50,22,69,32,26,38,0.18,222,304,-0.17,836,18160,46,43,49,1.05,11924,18,17,20,0.02,16,22,4584:1,1.65,23,31,3216:1,1.74,100,135,740:1,102,138,725:1,1.01,6964,64,58,70,2.03,1004,80,75,86,0.22,649,57.0,51.0,62.0,0.66,866,83,1.12,10535,19639,53.6,49.6,57.7,0.55,3158,28165,11.2,0.72,5802,29,23,35,0.85,83471,20290,4.1,-1.20,7239,20581,35,30,40,0.58,32,4.4,1.08,292,401,0.02,281,77,68,87,0.40,8.7,-0.07,No,-2.03,5880,24,22,27,-0.09,19434,25496,76,73,79,0.40,19434,40,36,44,0.93,
,,,,,,,,,,,,,,,,,,,,,,,,,,,,,,,,,,,,,,,,,,,,,,,,,,,,,,,,,,,,,,,,,,,,,,,,,,,,,,,,,,,,,,,,,,,,,,,,,,,,,,,,,,,,,,,,,,,,,,,,,,,,,,,,,,,,,,,,,,,,,,,,,,,,,,,,,,,,
,,,,,,,,,,,,,,,,,,,,,,,,,,,,,,,,,,,,,,,,,,,,,,,,,,,,,,,,,,,,,,,,,,,,,,,,,,,"^This data was updated on March 29, 2017. Please see http://www.countyhealthrankings.org/content/data-changes for more information.",,,,,,,,,,,,,,,,,,,,,,,,,,,,,,,,,,,,,,,,,,,,,,,,,,,,,,,,,,,,,,,,,,,,,,,,,,,,,,,,,